Year,County,"Hospitalization per 10,000 Residents",Latitude,Longitude,New Georeferenced Column
2017,Kalkaska,18.5,44.667444,-85.023346,POINT (-85.023346 44.667444)
2016,Oscoda,24.4,44.62789,-84.185712,POINT (-84.185712 44.62789)
2016,Calhoun,27.9,42.207391,-85.023346,POINT (-85.023346 42.207391)
2018,Luce,25.8,46.582751,-85.513329,POINT (-85.513329 46.582751)
2017,Dickinson,9.5,45.960139,-87.86161,POINT (-87.86161 45.960139)
2011,Berrien,25.7,41.952461,-86.520538,POINT (-86.520538 41.95246100000001)
2016,Barry,26,42.535432,-85.354965,POINT (-85.354965 42.53543200000001)
2015,Hillsdale,18.7,41.868596,-84.522219,POINT (-84.522219 41.868596)
2010,Ingham,23.1,42.646894,-84.354205,POINT (-84.354205 42.646894)
2015,Clinton,15.4,42.966346,-84.522219,POINT (-84.522219 42.966346)
2014,Roscommon,19,44.351611,-84.68975,POINT (-84.68975 44.351611)
2016,Wexford,26.7,44.387157,-85.520024,POINT (-85.520024 44.387157)
2015,Kent,20.7,43.009703,-85.520024,POINT (-85.520024 43.009703)
2016,Mecosta,22.7,43.620103,-85.354965,POINT (-85.354965 43.620103)
2017,Ogemaw,21.4,44.327074,-84.185712,POINT (-84.185712 44.327074)
2016,Livingston,20.6,42.620795,-83.847302,POINT (-83.84730200000001 42.620795)
2013,Missaukee,18.9,44.366621,-85.023346,POINT (-85.023346 44.366621)
2011,Lake,27.4,43.9447,-85.848624,POINT (-85.848624 43.9447)
2015,Chippewa,16.9,46.311708,-84.593209,POINT (-84.593209 46.311708)
2017,Alpena,28.3,45.031721,-83.540541,POINT (-83.540541 45.031721)
2015,Antrim,18.4,44.973044,-85.176909,POINT (-85.176909 44.973044)
2010,Baraga,22.5,46.735276,-88.30104,POINT (-88.30104 46.735276)
2010,Clinton,19.5,42.966346,-84.522219,POINT (-84.522219 42.966346)
2011,Chippewa,21.2,46.311708,-84.593209,POINT (-84.593209 46.311708)
2012,Manistee,23.9,44.24447,-86.324223,POINT (-86.324223 44.24447)
2015,Montmorency,23.3,45.074279,-84.140314,POINT (-84.140314 45.074279)
2011,Alcona,15.7,44.672794,-83.60224,POINT (-83.60224 44.672794)
2012,Oceana,16.4,43.643476,-86.289505,POINT (-86.289505 43.643476)
2017,Newaygo,24,43.559358,-85.766664,POINT (-85.766664 43.559358)
2011,Eaton,20.8,42.58865,-84.773332,POINT (-84.773332 42.58865)
2015,Wayne,30,42.279075,-83.336188,POINT (-83.336188 42.279075)
2011,Clinton,19.9,42.966346,-84.522219,POINT (-84.522219 42.966346)
2018,Isabella,23.2,43.598799,-84.856793,POINT (-84.856793 43.598799)
2017,Berrien,26.5,41.952461,-86.520538,POINT (-86.520538 41.95246100000001)
2017,Iosco,20.5,44.334046,-83.638623,POINT (-83.638623 44.334046)
2010,Calhoun,26.7,42.207391,-85.023346,POINT (-85.023346 42.207391)
2017,Gratiot,28.7,43.283651,-84.68975,POINT (-84.68975 43.283651)
2010,Marquette,16.2,46.644579,-87.559382,POINT (-87.559382 46.644579)
2015,Lapeer,23.8,43.048243,-83.1649,POINT (-83.1649 43.048243)
2012,Arenac,23.4,43.997335,-83.677393,POINT (-83.677393 43.997335)
2010,St. Joseph,22.2,41.911804,-85.520024,POINT (-85.520024 41.911804)
2016,Bay,24.8,43.710973,-84.016742,POINT (-84.016742 43.710973)
2010,Presque Isle,21.2,45.57293,-83.597821,POINT (-83.597821 45.57293)
2017,Barry,21.9,42.535432,-85.354965,POINT (-85.354965 42.53543200000001)
2013,Alcona,18.9,44.672794,-83.60224,POINT (-83.60224 44.672794)
2017,Houghton,17.7,47.121122,-88.569401,POINT (-88.569401 47.121122)
2013,Ogemaw,20,44.327074,-84.185712,POINT (-84.185712 44.327074)
2016,Kent,24.3,43.009703,-85.520024,POINT (-85.520024 43.009703)
2013,Charlevoix,18.6,45.244217,-85.061904,POINT (-85.061904 45.244217)
2014,Baraga,20.8,46.735276,-88.30104,POINT (-88.30104 46.735276)
2013,Huron,21.1,43.946679,-82.820974,POINT (-82.820974 43.946679)
2013,Baraga,32,46.735276,-88.30104,POINT (-88.30104 46.735276)
2018,Grand Traverse,22.3,44.687984,-85.520024,POINT (-85.520024 44.687984)
2013,Monroe,23.7,41.973889,-83.50702,POINT (-83.50702 41.973889)
2014,Alcona,15.4,44.672794,-83.60224,POINT (-83.60224 44.672794)
2013,Houghton,18.8,47.121122,-88.569401,POINT (-88.569401 47.121122)
2018,Benzie,19.9,44.645845,-86.037126,POINT (-86.037126 44.645845)
2011,Manistee,23.6,44.24447,-86.324223,POINT (-86.324223 44.24447)
2012,Sanilac,23.1,43.406904,-82.734714,POINT (-82.734714 43.406904)
2011,Iosco,19.1,44.334046,-83.638623,POINT (-83.638623 44.334046)
2011,Houghton,18.6,47.121122,-88.569401,POINT (-88.569401 47.121122)
2012,Menominee,14.7,45.499528,-87.574628,POINT (-87.574628 45.499528)
2012,Isabella,18.4,43.598799,-84.856793,POINT (-84.856793 43.598799)
2011,Washtenaw,19,42.307649,-83.847302,POINT (-83.84730200000001 42.307649)
2010,Barry,19.8,42.535432,-85.354965,POINT (-85.354965 42.53543200000001)
2011,Ingham,21.7,42.646894,-84.354205,POINT (-84.354205 42.646894)
2017,Osceola,26.8,43.925728,-85.354965,POINT (-85.354965 43.925728)
2016,Arenac,29.6,43.997335,-83.677393,POINT (-83.677393 43.997335)
2016,Muskegon,31.3,43.294941,-86.126106,POINT (-86.126106 43.294941)
2018,Oceana,34.5,43.643476,-86.289505,POINT (-86.289505 43.643476)
2014,Iron,14.9,46.275815,-88.490278,POINT (-88.490278 46.275815)
2017,Schoolcraft,25,46.069352,-86.190362,POINT (-86.190362 46.069352)
2018,Crawford,17.8,44.652432,-84.68975,POINT (-84.68975 44.652432)
2012,Allegan,20.4,42.593874,-85.908443,POINT (-85.908443 42.593874)
2011,Montcalm,22.2,43.305734,-85.189405,POINT (-85.189405 43.305734)
2010,Macomb,24.1,42.716876,-82.820974,POINT (-82.820974 42.716876)
2018,Marquette,23.3,46.644579,-87.559382,POINT (-87.559382 46.644579)
2013,Sanilac,25.1,43.406904,-82.734714,POINT (-82.734714 43.406904)
2010,Alcona,21.2,44.672794,-83.60224,POINT (-83.60224 44.672794)
2015,Huron,21.5,43.946679,-82.820974,POINT (-82.820974 43.946679)
2014,Macomb,22.2,42.716876,-82.820974,POINT (-82.820974 42.716876)
2017,Gobebic,12,46.439279,-89.921474,POINT (-89.921474 46.439279)
2016,Luce,31.7,46.582751,-85.513329,POINT (-85.513329 46.582751)
2011,Hillsdale,23.1,41.868596,-84.522219,POINT (-84.522219 41.868596)
2010,Monroe,27.7,41.973889,-83.50702,POINT (-83.50702 41.973889)
2015,Oscoda,23.3,44.62789,-84.185712,POINT (-84.185712 44.62789)
2010,Bay,23,43.710973,-84.016742,POINT (-84.016742 43.710973)
2016,Houghton,23.2,47.121122,-88.569401,POINT (-88.569401 47.121122)
2012,Lenawee,21.1,41.843386,-84.016742,POINT (-84.016742 41.843386)
2018,Gladwin,27.7,44.032789,-84.354205,POINT (-84.354205 44.032789)
2012,Gladwin,14.7,44.032789,-84.354205,POINT (-84.354205 44.032789)
2010,Kalamazoo,21.2,42.227835,-85.520024,POINT (-85.520024 42.227835)
2015,Gobebic,10,46.439279,-89.921474,POINT (-89.921474 46.439279)
2015,Luce,27.1,46.582751,-85.513329,POINT (-85.513329 46.582751)
2012,St. Joseph,21.9,41.911804,-85.520024,POINT (-85.520024 41.911804)
2018,Kalkaska,20.5,44.667444,-85.023346,POINT (-85.023346 44.667444)
2016,Kalamazoo,26.9,42.227835,-85.520024,POINT (-85.520024 42.227835)
2018,Manistee,22.8,44.24447,-86.324223,POINT (-86.324223 44.24447)
2014,St. Clair,16.2,43.016179,-82.648344,POINT (-82.648344 43.016179)
2016,Branch,22.8,41.891384,-85.023346,POINT (-85.023346 41.891384)
2014,Mason,24.8,43.966454,-86.499655,POINT (-86.499655 43.966454)
2015,Lenawee,20.6,41.843386,-84.016742,POINT (-84.016742 41.843386)
2017,Roscommon,23.8,44.351611,-84.68975,POINT (-84.68975 44.351611)
2018,Lake,22.7,43.9447,-85.848624,POINT (-85.848624 43.9447)
2016,Ottawa,19.7,42.953023,-86.093731,POINT (-86.093731 42.953023)
2018,Menominee,6.7,45.499528,-87.574628,POINT (-87.574628 45.499528)
2011,Baraga,29.3,46.735276,-88.30104,POINT (-88.30104 46.735276)
2018,Alger,12.6,46.424618,-86.490452,POINT (-86.490452 46.424618)
2018,Jackson,25.2,42.176436,-84.354205,POINT (-84.354205 42.176436)
2015,Otsego,20.9,45.099206,-84.64824,POINT (-84.64824 45.099206)
2011,Presque Isle,19.1,45.57293,-83.597821,POINT (-83.597821 45.57293)
2013,Oakland,20.5,42.592192,-83.336188,POINT (-83.336188 42.592192)
2010,Charlevoix,16.8,45.244217,-85.061904,POINT (-85.061904 45.244217)
2011,Gobebic,19.4,46.439279,-89.921474,POINT (-89.921474 46.439279)
2013,Montmorency,34.2,45.074279,-84.140314,POINT (-84.140314 45.074279)
2015,Mason,20,43.966454,-86.499655,POINT (-86.499655 43.966454)
2013,Manistee,15.9,44.24447,-86.324223,POINT (-86.324223 44.24447)
2015,Branch,20.9,41.891384,-85.023346,POINT (-85.023346 41.891384)
2010,Schoolcraft,25,46.069352,-86.190362,POINT (-86.190362 46.069352)
2016,Huron,23.7,43.946679,-82.820974,POINT (-82.820974 43.946679)
2016,Gobebic,12.1,46.439279,-89.921474,POINT (-89.921474 46.439279)
2011,Monroe,26.7,41.973889,-83.50702,POINT (-83.50702 41.973889)
2018,Berrien,31.5,41.952461,-86.520538,POINT (-86.520538 41.95246100000001)
2017,Muskegon,29.5,43.294941,-86.126106,POINT (-86.126106 43.294941)
2011,Isabella,18.5,43.598799,-84.856793,POINT (-84.856793 43.598799)
2011,Menominee,19.9,45.499528,-87.574628,POINT (-87.574628 45.499528)
2015,Ingham,23.7,42.646894,-84.354205,POINT (-84.354205 42.646894)
2010,Mecosta,17.5,43.620103,-85.354965,POINT (-85.354965 43.620103)
2012,Alger,10.7,46.424618,-86.490452,POINT (-86.490452 46.424618)
2011,Ottawa,17.1,42.953023,-86.093731,POINT (-86.093731 42.953023)
2013,Isabella,19.8,43.598799,-84.856793,POINT (-84.856793 43.598799)
2015,Gratiot,26.6,43.283651,-84.68975,POINT (-84.68975 43.283651)
2010,Mackinac,19.5,46.023372,-84.996308,POINT (-84.996308 46.023372)
2011,Osceola,23.9,43.925728,-85.354965,POINT (-85.354965 43.925728)
2011,Muskegon,25.4,43.294941,-86.126106,POINT (-86.126106 43.294941)
2011,Grand Traverse,18.8,44.687984,-85.520024,POINT (-85.520024 44.687984)
2016,Ogemaw,22,44.327074,-84.185712,POINT (-84.185712 44.327074)
2015,Emmet,22.1,45.641897,-84.976907,POINT (-84.976907 45.641897)
2013,Midland,17.3,43.575098,-84.354205,POINT (-84.354205 43.575098)
2012,Midland,15.4,43.575098,-84.354205,POINT (-84.354205 43.575098)
2011,Alpena,20.5,45.031721,-83.540541,POINT (-83.540541 45.031721)
2016,Iosco,26.9,44.334046,-83.638623,POINT (-83.638623 44.334046)
2017,Benzie,19.2,44.645845,-86.037126,POINT (-86.037126 44.645845)
2012,Crawford,14.9,44.652432,-84.68975,POINT (-84.68975 44.652432)
2014,Marquette,15.7,46.644579,-87.559382,POINT (-87.559382 46.644579)
2015,Alcona,17.2,44.672794,-83.60224,POINT (-83.60224 44.672794)
2012,Macomb,22.8,42.716876,-82.820974,POINT (-82.820974 42.716876)
2012,Huron,23.5,43.946679,-82.820974,POINT (-82.820974 43.946679)
2015,Lake,25.6,43.9447,-85.848624,POINT (-85.848624 43.9447)
2013,Allegan,18.3,42.593874,-85.908443,POINT (-85.908443 42.593874)
2016,Chippewa,17.8,46.311708,-84.593209,POINT (-84.593209 46.311708)
2016,Lake,27.2,43.9447,-85.848624,POINT (-85.848624 43.9447)
2014,Calhoun,26.9,42.207391,-85.023346,POINT (-85.023346 42.207391)
2014,Chippewa,19.1,46.311708,-84.593209,POINT (-84.593209 46.311708)
2015,Barry,18.2,42.535432,-85.354965,POINT (-85.354965 42.53543200000001)
2014,Lenawee,18.1,41.843386,-84.016742,POINT (-84.016742 41.843386)
2015,Muskegon,25.3,43.294941,-86.126106,POINT (-86.126106 43.294941)
2018,Ionia,23.8,42.989212,-85.023346,POINT (-85.023346 42.989212)
2013,Eaton,17.9,42.58865,-84.773332,POINT (-84.773332 42.58865)
2010,Ottawa,18.6,42.953023,-86.093731,POINT (-86.093731 42.953023)
2015,Sanilac,24.6,43.406904,-82.734714,POINT (-82.734714 43.406904)
2014,Berrien,22.9,41.952461,-86.520538,POINT (-86.520538 41.95246100000001)
2018,Lapeer,25.1,43.048243,-83.1649,POINT (-83.1649 43.048243)
2017,Mason,25,43.966454,-86.499655,POINT (-86.499655 43.966454)
2013,Bay,21.6,43.710973,-84.016742,POINT (-84.016742 43.710973)
2018,Hillsdale,22.3,41.868596,-84.522219,POINT (-84.522219 41.868596)
2012,Roscommon,17.2,44.351611,-84.68975,POINT (-84.68975 44.351611)
2017,Sanilac,29.2,43.406904,-82.734714,POINT (-82.734714 43.406904)
2018,Clinton,15.7,42.966346,-84.522219,POINT (-84.522219 42.966346)
2012,Schoolcraft,21.6,46.069352,-86.190362,POINT (-86.190362 46.069352)
2015,Ogemaw,20.2,44.327074,-84.185712,POINT (-84.185712 44.327074)
2018,Newaygo,23,43.559358,-85.766664,POINT (-85.766664 43.559358)
2014,Saginaw,24.8,43.404425,-84.016742,POINT (-84.016742 43.404425)
2015,Houghton,16.8,47.121122,-88.569401,POINT (-88.569401 47.121122)
2015,St. Joseph,25.1,41.911804,-85.520024,POINT (-85.520024 41.911804)
2012,Gratiot,20.8,43.283651,-84.68975,POINT (-84.68975 43.283651)
2011,Delta,15.5,45.7406948,-86.9377261,POINT (-86.9377261 45.7406948)
2013,Crawford,25,44.652432,-84.68975,POINT (-84.68975 44.652432)
2016,Missaukee,26.6,44.366621,-85.023346,POINT (-85.023346 44.366621)
2011,Calhoun,24.9,42.207391,-85.023346,POINT (-85.023346 42.207391)
2013,Genesee,31.7,43.077729,-83.677393,POINT (-83.677393 43.077729)
2018,Mecosta,19.1,43.620103,-85.354965,POINT (-85.354965 43.620103)
2017,Baraga,15.2,46.735276,-88.30104,POINT (-88.30104 46.735276)
2013,Mackinac,22.3,46.023372,-84.996308,POINT (-84.996308 46.023372)
2014,Manistee,21.2,44.24447,-86.324223,POINT (-86.324223 44.24447)
2013,Alpena,25.9,45.031721,-83.540541,POINT (-83.540541 45.031721)
2016,Wayne,34.2,42.279075,-83.336188,POINT (-83.336188 42.279075)
2013,Newaygo,24.5,43.559358,-85.766664,POINT (-85.766664 43.559358)
2017,Gladwin,27.2,44.032789,-84.354205,POINT (-84.354205 44.032789)
2013,Gratiot,28.6,43.283651,-84.68975,POINT (-84.68975 43.283651)
2010,Iosco,18.4,44.334046,-83.638623,POINT (-83.638623 44.334046)
2011,Clare,24.4,44.056505,-84.856793,POINT (-84.856793 44.056505)
2017,Genesee,33.1,43.077729,-83.677393,POINT (-83.677393 43.077729)
2016,Alger,11,46.424618,-86.490452,POINT (-86.490452 46.424618)
2014,Lapeer,20.4,43.048243,-83.1649,POINT (-83.1649 43.048243)
2013,Grand Traverse,17.9,44.687984,-85.520024,POINT (-85.520024 44.687984)
2016,Cass,25.8,41.929916,-86.012157,POINT (-86.012157 41.929916)
2018,Iron,10.2,46.275815,-88.490278,POINT (-88.490278 46.275815)
2013,Chippewa,19.8,46.311708,-84.593209,POINT (-84.593209 46.311708)
2017,Ingham,27.5,42.646894,-84.354205,POINT (-84.354205 42.646894)
2012,Presque Isle,21.6,45.57293,-83.597821,POINT (-83.597821 45.57293)
2011,Livingston,18.4,42.620795,-83.847302,POINT (-83.84730200000001 42.620795)
2015,Dickinson,11,45.960139,-87.86161,POINT (-87.86161 45.960139)
2015,Crawford,19.6,44.652432,-84.68975,POINT (-84.68975 44.652432)
2013,Mecosta,21.6,43.620103,-85.354965,POINT (-85.354965 43.620103)
2013,Gladwin,24.5,44.032789,-84.354205,POINT (-84.354205 44.032789)
2014,Oceana,17.7,43.643476,-86.289505,POINT (-86.289505 43.643476)
2012,Keweenaw,12.6,47.340015,-88.049091,POINT (-88.049091 47.340015)
2012,Lake,19.6,43.9447,-85.848624,POINT (-85.848624 43.9447)
2015,Newaygo,20.3,43.559358,-85.766664,POINT (-85.766664 43.559358)
2012,Antrim,24.6,44.973044,-85.176909,POINT (-85.176909 44.973044)
2015,Ontonagon,11.1,46.872791,-89.313119,POINT (-89.313119 46.872791)
2012,Kent,18.4,43.009703,-85.520024,POINT (-85.520024 43.009703)
2014,Eaton,13.6,42.58865,-84.773332,POINT (-84.773332 42.58865)
2011,Jackson,24.1,42.176436,-84.354205,POINT (-84.354205 42.176436)
2016,Leelanau,14.3,45.082123,-86.073363,POINT (-86.073363 45.082123)
2013,Hillsdale,20.7,41.868596,-84.522219,POINT (-84.522219 41.868596)
2017,Allegan,23.8,42.593874,-85.908443,POINT (-85.908443 42.593874)
2010,Saginaw,25.2,43.404425,-84.016742,POINT (-84.016742 43.404425)
2017,Saginaw,33.1,43.404425,-84.016742,POINT (-84.016742 43.404425)
2014,Missaukee,21.3,44.366621,-85.023346,POINT (-85.023346 44.366621)
2017,Clare,29.8,44.056505,-84.856793,POINT (-84.856793 44.056505)
2010,Leelanau,18,45.082123,-86.073363,POINT (-86.073363 45.082123)
2010,Genesee,28.9,43.077729,-83.677393,POINT (-83.677393 43.077729)
2014,Livingston,17.5,42.620795,-83.847302,POINT (-83.84730200000001 42.620795)
2014,Cass,19.4,41.929916,-86.012157,POINT (-86.012157 41.929916)
2012,Emmet,20.3,45.641897,-84.976907,POINT (-84.976907 45.641897)
2015,Berrien,27,41.952461,-86.520538,POINT (-86.520538 41.95246100000001)
2016,Osceola,26.1,43.925728,-85.354965,POINT (-85.354965 43.925728)
2014,Huron,21.3,43.946679,-82.820974,POINT (-82.820974 43.946679)
2013,Livingston,18,42.620795,-83.847302,POINT (-83.84730200000001 42.620795)
2018,Dickinson,9.1,45.960139,-87.86161,POINT (-87.86161 45.960139)
2017,Bay,27,43.710973,-84.016742,POINT (-84.016742 43.710973)
2015,Eaton,15.9,42.58865,-84.773332,POINT (-84.773332 42.58865)
2015,Midland,18.2,43.575098,-84.354205,POINT (-84.354205 43.575098)
2012,Iosco,18.9,44.334046,-83.638623,POINT (-83.638623 44.334046)
2011,Saginaw,23.7,43.404425,-84.016742,POINT (-84.016742 43.404425)
2017,Wayne,33.7,42.279075,-83.336188,POINT (-83.336188 42.279075)
2011,Cass,22.1,41.929916,-86.012157,POINT (-86.012157 41.929916)
2017,Leelanau,14.7,45.082123,-86.073363,POINT (-86.073363 45.082123)
2018,Gobebic,6.2,46.439279,-89.921474,POINT (-89.921474 46.439279)
2015,Kalkaska,19.8,44.667444,-85.023346,POINT (-85.023346 44.667444)
2015,Manistee,18.9,44.24447,-86.324223,POINT (-86.324223 44.24447)
2015,Macomb,23.5,42.716876,-82.820974,POINT (-82.820974 42.716876)
2016,Lapeer,21.3,43.048243,-83.1649,POINT (-83.1649 43.048243)
2010,Isabella,20.1,43.598799,-84.856793,POINT (-84.856793 43.598799)
2011,Ionia,23.9,42.989212,-85.023346,POINT (-85.023346 42.989212)
2011,Missaukee,17.9,44.366621,-85.023346,POINT (-85.023346 44.366621)
2015,Roscommon,26.1,44.351611,-84.68975,POINT (-84.68975 44.351611)
2012,Baraga,13.9,46.735276,-88.30104,POINT (-88.30104 46.735276)
2017,Luce,24.4,46.582751,-85.513329,POINT (-85.513329 46.582751)
2011,Crawford,26.4,44.652432,-84.68975,POINT (-84.68975 44.652432)
2016,Alcona,25.9,44.672794,-83.60224,POINT (-83.60224 44.672794)
2015,Monroe,21.2,41.973889,-83.50702,POINT (-83.50702 41.973889)
2018,Houghton,16.9,47.121122,-88.569401,POINT (-88.569401 47.121122)
2015,Jackson,19,42.176436,-84.354205,POINT (-84.354205 42.176436)
2015,Washtenaw,20.4,42.307649,-83.847302,POINT (-83.84730200000001 42.307649)
2018,Emmet,21.6,45.641897,-84.976907,POINT (-84.976907 45.641897)
2010,Midland,16.7,43.575098,-84.354205,POINT (-84.354205 43.575098)
2013,Ottawa,17,42.953023,-86.093731,POINT (-86.093731 42.953023)
2014,Lake,29.5,43.9447,-85.848624,POINT (-85.848624 43.9447)
2015,Ionia,19,42.989212,-85.023346,POINT (-85.023346 42.989212)
2017,Jackson,24.3,42.176436,-84.354205,POINT (-84.354205 42.176436)
2014,Oakland,20.8,42.592192,-83.336188,POINT (-83.336188 42.592192)
2017,Calhoun,27.6,42.207391,-85.023346,POINT (-85.023346 42.207391)
2015,Montcalm,19.7,43.305734,-85.189405,POINT (-85.189405 43.305734)
2017,Lake,29.6,43.9447,-85.848624,POINT (-85.848624 43.9447)
2015,Delta,12.7,45.7406948,-86.9377261,POINT (-86.9377261 45.7406948)
2018,Wayne,34.9,42.279075,-83.336188,POINT (-83.336188 42.279075)
2018,Muskegon,32.2,43.294941,-86.126106,POINT (-86.126106 43.294941)
2017,Oakland,24.3,42.592192,-83.336188,POINT (-83.336188 42.592192)
2013,Branch,23.1,41.891384,-85.023346,POINT (-85.023346 41.891384)
2012,Ionia,19.8,42.989212,-85.023346,POINT (-85.023346 42.989212)
2011,Genesee,29.5,43.077729,-83.677393,POINT (-83.677393 43.077729)
2017,Menominee,6.9,45.499528,-87.574628,POINT (-87.574628 45.499528)
2012,Muskegon,24,43.294941,-86.126106,POINT (-86.126106 43.294941)
2013,Kalamazoo,21.5,42.227835,-85.520024,POINT (-85.520024 42.227835)
2011,Oscoda,22.2,44.62789,-84.185712,POINT (-84.185712 44.62789)
2016,Marquette,22.2,46.644579,-87.559382,POINT (-87.559382 46.644579)
2018,Montcalm,27.4,43.305734,-85.189405,POINT (-85.189405 43.305734)
2018,Genesee,32.1,43.077729,-83.677393,POINT (-83.677393 43.077729)
2014,Gobebic,14,46.439279,-89.921474,POINT (-89.921474 46.439279)
2016,Antrim,25.6,44.973044,-85.176909,POINT (-85.176909 44.973044)
2011,Wexford,24.1,44.387157,-85.520024,POINT (-85.520024 44.387157)
2011,Mackinac,14.2,46.023372,-84.996308,POINT (-84.996308 46.023372)
2017,Monroe,11.3,41.973889,-83.50702,POINT (-83.50702 41.973889)
2013,Keweenaw,14.3,47.340015,-88.049091,POINT (-88.049091 47.340015)
2012,Cheboygan,25.2,45.547226,-84.563628,POINT (-84.56362800000001 45.547226)
2013,Osceola,28,43.925728,-85.354965,POINT (-85.354965 43.925728)
2017,Cheboygan,22,45.547226,-84.563628,POINT (-84.56362800000001 45.547226)
2016,Grand Traverse,21.8,44.687984,-85.520024,POINT (-85.520024 44.687984)
2015,St. Clair,24,43.016179,-82.648344,POINT (-82.648344 43.016179)
2010,Houghton,21.2,47.121122,-88.569401,POINT (-88.569401 47.121122)
2012,Ingham,24,42.646894,-84.354205,POINT (-84.354205 42.646894)
2014,Mackinac,23.2,46.023372,-84.996308,POINT (-84.996308 46.023372)
2011,Gratiot,25.6,43.283651,-84.68975,POINT (-84.68975 43.283651)
2012,Otsego,20.8,45.099206,-84.64824,POINT (-84.64824 45.099206)
2011,Emmet,21.4,45.641897,-84.976907,POINT (-84.976907 45.641897)
2013,Ontonagon,11,46.872791,-89.313119,POINT (-89.313119 46.872791)
2018,Cass,24.1,41.929916,-86.012157,POINT (-86.012157 41.929916)
2012,Kalamazoo,23.7,42.227835,-85.520024,POINT (-85.520024 42.227835)
2015,Saginaw,23.5,43.404425,-84.016742,POINT (-84.016742 43.404425)
2011,Shiawassee,21.1,42.949754,-84.185712,POINT (-84.185712 42.949754)
2016,St. Clair,16.4,43.016179,-82.648344,POINT (-82.648344 43.016179)
2017,Presque Isle,15.3,45.57293,-83.597821,POINT (-83.597821 45.57293)
2015,Presque Isle,20.3,45.57293,-83.597821,POINT (-83.597821 45.57293)
2012,Charlevoix,19.4,45.244217,-85.061904,POINT (-85.061904 45.244217)
2013,Shiawassee,19,42.949754,-84.185712,POINT (-84.185712 42.949754)
2013,St. Clair,21.5,43.016179,-82.648344,POINT (-82.648344 43.016179)
2013,Otsego,18.5,45.099206,-84.64824,POINT (-84.64824 45.099206)
2017,Mackinac,16.8,46.023372,-84.996308,POINT (-84.996308 46.023372)
2011,Keweenaw,0,47.340015,-88.049091,POINT (-88.049091 47.340015)
2013,Emmet,19.6,45.641897,-84.976907,POINT (-84.976907 45.641897)
2010,Eaton,18,42.58865,-84.773332,POINT (-84.773332 42.58865)
2014,Shiawassee,20.7,42.949754,-84.185712,POINT (-84.185712 42.949754)
2011,Kent,20.2,43.009703,-85.520024,POINT (-85.520024 43.009703)
2013,Clare,19.6,44.056505,-84.856793,POINT (-84.856793 44.056505)
2013,Wexford,18.2,44.387157,-85.520024,POINT (-85.520024 44.387157)
2012,Genesee,29.4,43.077729,-83.677393,POINT (-83.677393 43.077729)
2011,St. Clair,21.2,43.016179,-82.648344,POINT (-82.648344 43.016179)
2014,Antrim,19.7,44.973044,-85.176909,POINT (-85.176909 44.973044)
2011,Lapeer,22.4,43.048243,-83.1649,POINT (-83.1649 43.048243)
2013,Tuscola,21,43.530114,-83.50702,POINT (-83.50702 43.530114000000005)
2011,Antrim,19.2,44.973044,-85.176909,POINT (-85.176909 44.973044)
2014,Keweenaw,19.4,47.340015,-88.049091,POINT (-88.049091 47.340015)
2014,Jackson,20.9,42.176436,-84.354205,POINT (-84.354205 42.176436)
2016,Roscommon,24.6,44.351611,-84.68975,POINT (-84.68975 44.351611)
2012,Ogemaw,22.5,44.327074,-84.185712,POINT (-84.185712 44.327074)
2010,Emmet,23.6,45.641897,-84.976907,POINT (-84.976907 45.641897)
2011,Cheboygan,26.2,45.547226,-84.563628,POINT (-84.56362800000001 45.547226)
2011,Oakland,21.1,42.592192,-83.336188,POINT (-83.336188 42.592192)
2017,Clinton,17.1,42.966346,-84.522219,POINT (-84.522219 42.966346)
2013,Montcalm,22.2,43.305734,-85.189405,POINT (-85.189405 43.305734)
2015,Iosco,16.2,44.334046,-83.638623,POINT (-83.638623 44.334046)
2012,Wayne,29.2,42.279075,-83.336188,POINT (-83.336188 42.279075)
2013,Leelanau,13.3,45.082123,-86.073363,POINT (-86.073363 45.082123)
2013,Barry,17.7,42.535432,-85.354965,POINT (-85.354965 42.53543200000001)
2014,Mecosta,19.9,43.620103,-85.354965,POINT (-85.354965 43.620103)
2016,Benzie,22,44.645845,-86.037126,POINT (-86.037126 44.645845)
2012,Osceola,14.4,43.925728,-85.354965,POINT (-85.354965 43.925728)
2015,Schoolcraft,25.9,46.069352,-86.190362,POINT (-86.190362 46.069352)
2015,Allegan,25.4,42.593874,-85.908443,POINT (-85.908443 42.593874)
2017,Huron,24.5,43.946679,-82.820974,POINT (-82.820974 43.946679)
2017,Washtenaw,20.6,42.307649,-83.847302,POINT (-83.84730200000001 42.307649)
2018,Missaukee,26.5,44.366621,-85.023346,POINT (-85.023346 44.366621)
2010,Cass,23,41.929916,-86.012157,POINT (-86.012157 41.929916)
2011,Arenac,21.4,43.997335,-83.677393,POINT (-83.677393 43.997335)
2012,Luce,28.8,46.582751,-85.513329,POINT (-85.513329 46.582751)
2015,Kalamazoo,24,42.227835,-85.520024,POINT (-85.520024 42.227835)
2014,Wayne,28.7,42.279075,-83.336188,POINT (-83.336188 42.279075)
2016,Lenawee,14.7,41.843386,-84.016742,POINT (-84.016742 41.843386)
2010,Kent,19.9,43.009703,-85.520024,POINT (-85.520024 43.009703)
2016,Montcalm,27.8,43.305734,-85.189405,POINT (-85.189405 43.305734)
2011,Roscommon,19.2,44.351611,-84.68975,POINT (-84.68975 44.351611)
2015,Genesee,31.7,43.077729,-83.677393,POINT (-83.677393 43.077729)
2017,Otsego,20.7,45.099206,-84.64824,POINT (-84.64824 45.099206)
2017,Lapeer,24.8,43.048243,-83.1649,POINT (-83.1649 43.048243)
2018,Wexford,23.6,44.387157,-85.520024,POINT (-85.520024 44.387157)
2014,Schoolcraft,22.3,46.069352,-86.190362,POINT (-86.190362 46.069352)
2017,Tuscola,27.9,43.530114,-83.50702,POINT (-83.50702 43.530114000000005)
2016,Gladwin,24.1,44.032789,-84.354205,POINT (-84.354205 44.032789)
2010,Berrien,27,41.952461,-86.520538,POINT (-86.520538 41.95246100000001)
2017,Keweenaw,8.8,47.340015,-88.049091,POINT (-88.049091 47.340015)
2014,Ingham,23.8,42.646894,-84.354205,POINT (-84.354205 42.646894)
2013,Alger,13.9,46.424618,-86.490452,POINT (-86.490452 46.424618)
2010,Otsego,22.1,45.099206,-84.64824,POINT (-84.64824 45.099206)
2012,Ontonagon,12.7,46.872791,-89.313119,POINT (-89.313119 46.872791)
2018,Schoolcraft,23.3,46.069352,-86.190362,POINT (-86.190362 46.069352)
2012,Bay,20.8,43.710973,-84.016742,POINT (-84.016742 43.710973)
2011,Wayne,29.7,42.279075,-83.336188,POINT (-83.336188 42.279075)
2018,Cheboygan,24.9,45.547226,-84.563628,POINT (-84.56362800000001 45.547226)
2012,Gobebic,11,46.439279,-89.921474,POINT (-89.921474 46.439279)
2014,Kalamazoo,21.3,42.227835,-85.520024,POINT (-85.520024 42.227835)
2015,Arenac,22.3,43.997335,-83.677393,POINT (-83.677393 43.997335)
2012,Marquette,14.5,46.644579,-87.559382,POINT (-87.559382 46.644579)
2014,Houghton,17.2,47.121122,-88.569401,POINT (-88.569401 47.121122)
2012,Mackinac,19,46.023372,-84.996308,POINT (-84.996308 46.023372)
2010,Jackson,25.3,42.176436,-84.354205,POINT (-84.354205 42.176436)
2014,Alpena,17.1,45.031721,-83.540541,POINT (-83.540541 45.031721)
2015,Mecosta,19.1,43.620103,-85.354965,POINT (-85.354965 43.620103)
2018,Oakland,25.6,42.592192,-83.336188,POINT (-83.336188 42.592192)
2010,Menominee,21.6,45.499528,-87.574628,POINT (-87.574628 45.499528)
2018,Iosco,24.9,44.334046,-83.638623,POINT (-83.638623 44.334046)
2017,Charlevoix,15.5,45.244217,-85.061904,POINT (-85.061904 45.244217)
2014,Gratiot,26.3,43.283651,-84.68975,POINT (-84.68975 43.283651)
2011,Huron,20.9,43.946679,-82.820974,POINT (-82.820974 43.946679)
2017,Mecosta,27.2,43.620103,-85.354965,POINT (-85.354965 43.620103)
2012,Calhoun,22,42.207391,-85.023346,POINT (-85.023346 42.207391)
2016,Manistee,22,44.24447,-86.324223,POINT (-86.324223 44.24447)
2016,Mason,24.7,43.966454,-86.499655,POINT (-86.499655 43.966454)
2018,Huron,18.8,43.946679,-82.820974,POINT (-82.820974 43.946679)
2011,Ontonagon,16.1,46.872791,-89.313119,POINT (-89.313119 46.872791)
2015,Keweenaw,3.3,47.340015,-88.049091,POINT (-88.049091 47.340015)
2016,Mackinac,20.3,46.023372,-84.996308,POINT (-84.996308 46.023372)
2015,Leelanau,13,45.082123,-86.073363,POINT (-86.073363 45.082123)
2018,Ottawa,22.1,42.953023,-86.093731,POINT (-86.093731 42.953023)
2012,Chippewa,18.5,46.311708,-84.593209,POINT (-84.593209 46.311708)
2017,Kalamazoo,26.1,42.227835,-85.520024,POINT (-85.520024 42.227835)
2010,Alger,17.4,46.424618,-86.490452,POINT (-86.490452 46.424618)
2010,Antrim,16.5,44.973044,-85.176909,POINT (-85.176909 44.973044)
2013,Benzie,15.8,44.645845,-86.037126,POINT (-86.037126 44.645845)
2016,Isabella,23.8,43.598799,-84.856793,POINT (-84.856793 43.598799)
2012,Mecosta,19.6,43.620103,-85.354965,POINT (-85.354965 43.620103)
2010,Muskegon,23.5,43.294941,-86.126106,POINT (-86.126106 43.294941)
2013,Calhoun,22.9,42.207391,-85.023346,POINT (-85.023346 42.207391)
2012,Hillsdale,23.5,41.868596,-84.522219,POINT (-84.522219 41.868596)
2015,Ottawa,16.3,42.953023,-86.093731,POINT (-86.093731 42.953023)
2018,Eaton,23.1,42.58865,-84.773332,POINT (-84.773332 42.58865)
2018,Sanilac,27.6,43.406904,-82.734714,POINT (-82.734714 43.406904)
2018,Midland,21,43.575098,-84.354205,POINT (-84.354205 43.575098)
2017,Montcalm,25.6,43.305734,-85.189405,POINT (-85.189405 43.305734)
2010,Roscommon,22.8,44.351611,-84.68975,POINT (-84.68975 44.351611)
2016,Genesee,32.4,43.077729,-83.677393,POINT (-83.677393 43.077729)
2013,Jackson,23.9,42.176436,-84.354205,POINT (-84.354205 42.176436)
2010,Osceola,24.5,43.925728,-85.354965,POINT (-85.354965 43.925728)
2010,Mason,18.8,43.966454,-86.499655,POINT (-86.499655 43.966454)
2012,Benzie,15.5,44.645845,-86.037126,POINT (-86.037126 44.645845)
2014,Cheboygan,19.6,45.547226,-84.563628,POINT (-84.56362800000001 45.547226)
2017,Ottawa,18.1,42.953023,-86.093731,POINT (-86.093731 42.953023)
2018,Calhoun,30.9,42.207391,-85.023346,POINT (-85.023346 42.207391)
2017,St. Clair,19.5,43.016179,-82.648344,POINT (-82.648344 43.016179)
2014,Emmet,21.5,45.641897,-84.976907,POINT (-84.976907 45.641897)
2017,Ionia,23.1,42.989212,-85.023346,POINT (-85.023346 42.989212)
2014,Tuscola,23,43.530114,-83.50702,POINT (-83.50702 43.530114000000005)
2017,Manistee,23,44.24447,-86.324223,POINT (-86.324223 44.24447)
2010,Delta,17.7,45.7406948,-86.9377261,POINT (-86.9377261 45.7406948)
2018,Oscoda,15.9,44.62789,-84.185712,POINT (-84.185712 44.62789)
2011,Marquette,15.5,46.644579,-87.559382,POINT (-87.559382 46.644579)
2012,Grand Traverse,22,44.687984,-85.520024,POINT (-85.520024 44.687984)
2015,Charlevoix,14.6,45.244217,-85.061904,POINT (-85.061904 45.244217)
2016,Crawford,24,44.652432,-84.68975,POINT (-84.68975 44.652432)
2010,Alpena,22.8,45.031721,-83.540541,POINT (-83.540541 45.031721)
2018,Macomb,27.3,42.716876,-82.820974,POINT (-82.820974 42.716876)
2011,Van Buren,25.7,42.245967,-86.012157,POINT (-86.012157 42.245967)
2018,Alpena,27.5,45.031721,-83.540541,POINT (-83.540541 45.031721)
2013,Luce,20.6,46.582751,-85.513329,POINT (-85.513329 46.582751)
2013,Lake,26.3,43.9447,-85.848624,POINT (-85.848624 43.9447)
2016,Tuscola,25.5,43.530114,-83.50702,POINT (-83.50702 43.530114000000005)
2010,Manistee,19.7,44.24447,-86.324223,POINT (-86.324223 44.24447)
2013,Iron,17.8,46.275815,-88.490278,POINT (-88.490278 46.275815)
2012,Delta,15.3,45.7406948,-86.9377261,POINT (-86.9377261 45.7406948)
2017,Arenac,25.8,43.997335,-83.677393,POINT (-83.677393 43.997335)
2012,Mason,19.7,43.966454,-86.499655,POINT (-86.499655 43.966454)
2014,Ontonagon,8.8,46.872791,-89.313119,POINT (-89.313119 46.872791)
2018,Ontonagon,13.1,46.872791,-89.313119,POINT (-89.313119 46.872791)
2014,Arenac,22.3,43.997335,-83.677393,POINT (-83.677393 43.997335)
2016,Presque Isle,29,45.57293,-83.597821,POINT (-83.597821 45.57293)
2012,Houghton,18.8,47.121122,-88.569401,POINT (-88.569401 47.121122)
2010,Washtenaw,19.1,42.307649,-83.847302,POINT (-83.84730200000001 42.307649)
2015,Calhoun,26.7,42.207391,-85.023346,POINT (-85.023346 42.207391)
2010,Oceana,18.6,43.643476,-86.289505,POINT (-86.289505 43.643476)
2013,Kalkaska,17.2,44.667444,-85.023346,POINT (-85.023346 44.667444)
2016,Dickinson,13.6,45.960139,-87.86161,POINT (-87.86161 45.960139)
2012,Eaton,20.1,42.58865,-84.773332,POINT (-84.773332 42.58865)
2012,Ottawa,17.1,42.953023,-86.093731,POINT (-86.093731 42.953023)
2013,St. Joseph,21,41.911804,-85.520024,POINT (-85.520024 41.911804)
2014,Van Buren,21.6,42.245967,-86.012157,POINT (-86.012157 42.245967)
2011,St. Joseph,19.3,41.911804,-85.520024,POINT (-85.520024 41.911804)
2013,Kent,19.1,43.009703,-85.520024,POINT (-85.520024 43.009703)
2016,Cheboygan,24.4,45.547226,-84.563628,POINT (-84.56362800000001 45.547226)
2016,Emmet,19.9,45.641897,-84.976907,POINT (-84.976907 45.641897)
2014,Otsego,22.4,45.099206,-84.64824,POINT (-84.64824 45.099206)
2017,Montmorency,38.4,45.074279,-84.140314,POINT (-84.140314 45.074279)
2012,Saginaw,25.4,43.404425,-84.016742,POINT (-84.016742 43.404425)
2018,Bay,27.1,43.710973,-84.016742,POINT (-84.016742 43.710973)
2014,Charlevoix,19.4,45.244217,-85.061904,POINT (-85.061904 45.244217)
2018,Ogemaw,27.5,44.327074,-84.185712,POINT (-84.185712 44.327074)
2017,Missaukee,26.2,44.366621,-85.023346,POINT (-85.023346 44.366621)
2018,Antrim,19.6,44.973044,-85.176909,POINT (-85.176909 44.973044)
2010,Ontonagon,26,46.872791,-89.313119,POINT (-89.313119 46.872791)
2014,Montcalm,22.7,43.305734,-85.189405,POINT (-85.189405 43.305734)
2018,Kent,26.8,43.009703,-85.520024,POINT (-85.520024 43.009703)
2014,Branch,22.3,41.891384,-85.023346,POINT (-85.023346 41.891384)
2011,Alger,19.1,46.424618,-86.490452,POINT (-86.490452 46.424618)
2017,Crawford,22.6,44.652432,-84.68975,POINT (-84.68975 44.652432)
2010,Keweenaw,22.9,47.340015,-88.049091,POINT (-88.049091 47.340015)
2011,Charlevoix,19.3,45.244217,-85.061904,POINT (-85.061904 45.244217)
2014,Ionia,17.8,42.989212,-85.023346,POINT (-85.023346 42.989212)
2012,Montmorency,26.5,45.074279,-84.140314,POINT (-84.140314 45.074279)
2017,Isabella,20.3,43.598799,-84.856793,POINT (-84.856793 43.598799)
2016,Jackson,25.4,42.176436,-84.354205,POINT (-84.354205 42.176436)
2015,Oakland,21.8,42.592192,-83.336188,POINT (-83.336188 42.592192)
2018,Tuscola,24.9,43.530114,-83.50702,POINT (-83.50702 43.530114000000005)
2012,Clinton,17.4,42.966346,-84.522219,POINT (-84.522219 42.966346)
2011,Oceana,25.1,43.643476,-86.289505,POINT (-86.289505 43.643476)
2013,Lapeer,20.4,43.048243,-83.1649,POINT (-83.1649 43.048243)
2014,Luce,13.2,46.582751,-85.513329,POINT (-85.513329 46.582751)
2012,Clare,24.6,44.056505,-84.856793,POINT (-84.856793 44.056505)
2011,Mason,17.8,43.966454,-86.499655,POINT (-86.499655 43.966454)
2013,Arenac,24.4,43.997335,-83.677393,POINT (-83.677393 43.997335)
2015,Shiawassee,17.5,42.949754,-84.185712,POINT (-84.185712 42.949754)
2011,Mecosta,19.9,43.620103,-85.354965,POINT (-85.354965 43.620103)
2017,Iron,12.3,46.275815,-88.490278,POINT (-88.490278 46.275815)
2018,Barry,17.2,42.535432,-85.354965,POINT (-85.354965 42.53543200000001)
2016,Hillsdale,18.2,41.868596,-84.522219,POINT (-84.522219 41.868596)
2018,Shiawassee,25.2,42.949754,-84.185712,POINT (-84.185712 42.949754)
2010,Van Buren,22.3,42.245967,-86.012157,POINT (-86.012157 42.245967)
2017,Eaton,18.6,42.58865,-84.773332,POINT (-84.773332 42.58865)
2015,Mackinac,18.9,46.023372,-84.996308,POINT (-84.996308 46.023372)
2010,Grand Traverse,20.4,44.687984,-85.520024,POINT (-85.520024 44.687984)
2012,Alpena,22.4,45.031721,-83.540541,POINT (-83.540541 45.031721)
2015,Clare,19.6,44.056505,-84.856793,POINT (-84.856793 44.056505)
2013,Gobebic,14.2,46.439279,-89.921474,POINT (-89.921474 46.439279)
2017,St. Joseph,25.9,41.911804,-85.520024,POINT (-85.520024 41.911804)
2010,Tuscola,23.1,43.530114,-83.50702,POINT (-83.50702 43.530114000000005)
2015,Alpena,19.7,45.031721,-83.540541,POINT (-83.540541 45.031721)
2018,Mackinac,22,46.023372,-84.996308,POINT (-84.996308 46.023372)
2016,Shiawassee,18.3,42.949754,-84.185712,POINT (-84.185712 42.949754)
2014,Leelanau,12.2,45.082123,-86.073363,POINT (-86.073363 45.082123)
2015,Bay,20.7,43.710973,-84.016742,POINT (-84.016742 43.710973)
2014,Grand Traverse,20.8,44.687984,-85.520024,POINT (-85.520024 44.687984)
2011,Gladwin,18.3,44.032789,-84.354205,POINT (-84.354205 44.032789)
2014,Clare,18.7,44.056505,-84.856793,POINT (-84.856793 44.056505)
2018,Gratiot,26.1,43.283651,-84.68975,POINT (-84.68975 43.283651)
2016,Iron,10.1,46.275815,-88.490278,POINT (-88.490278 46.275815)
2013,Ionia,19.7,42.989212,-85.023346,POINT (-85.023346 42.989212)
2010,Oakland,20.8,42.592192,-83.336188,POINT (-83.336188 42.592192)
2018,Washtenaw,22.1,42.307649,-83.847302,POINT (-83.84730200000001 42.307649)
2017,Livingston,19.9,42.620795,-83.847302,POINT (-83.84730200000001 42.620795)
2011,Branch,24.6,41.891384,-85.023346,POINT (-85.023346 41.891384)
2018,Lenawee,12,41.843386,-84.016742,POINT (-84.016742 41.843386)
2018,Mason,26.9,43.966454,-86.499655,POINT (-86.499655 43.966454)
2018,Monroe,12,41.973889,-83.50702,POINT (-83.50702 41.973889)
2015,Osceola,21.3,43.925728,-85.354965,POINT (-85.354965 43.925728)
2018,Montmorency,37.6,45.074279,-84.140314,POINT (-84.140314 45.074279)
2016,Macomb,26.3,42.716876,-82.820974,POINT (-82.820974 42.716876)
2011,Macomb,23.3,42.716876,-82.820974,POINT (-82.820974 42.716876)
2010,Luce,21.1,46.582751,-85.513329,POINT (-85.513329 46.582751)
2015,Isabella,21.9,43.598799,-84.856793,POINT (-84.856793 43.598799)
2016,Newaygo,29.1,43.559358,-85.766664,POINT (-85.766664 43.559358)
2014,Washtenaw,19.3,42.307649,-83.847302,POINT (-83.84730200000001 42.307649)
2012,Missaukee,22.6,44.366621,-85.023346,POINT (-85.023346 44.366621)
2010,Wayne,30.4,42.279075,-83.336188,POINT (-83.336188 42.279075)
2015,Missaukee,18.2,44.366621,-85.023346,POINT (-85.023346 44.366621)
2010,Allegan,20.4,42.593874,-85.908443,POINT (-85.908443 42.593874)
2011,Montmorency,22.9,45.074279,-84.140314,POINT (-84.140314 45.074279)
2013,Mason,21.9,43.966454,-86.499655,POINT (-86.499655 43.966454)
2016,Oceana,17.7,43.643476,-86.289505,POINT (-86.289505 43.643476)
2013,Lenawee,19.3,41.843386,-84.016742,POINT (-84.016742 41.843386)
2018,Charlevoix,16.7,45.244217,-85.061904,POINT (-85.061904 45.244217)
2011,Allegan,22.9,42.593874,-85.908443,POINT (-85.908443 42.593874)
2015,Cheboygan,22.6,45.547226,-84.563628,POINT (-84.56362800000001 45.547226)
2013,Schoolcraft,20.6,46.069352,-86.190362,POINT (-86.190362 46.069352)
2018,Allegan,21.1,42.593874,-85.908443,POINT (-85.908443 42.593874)
2016,Keweenaw,37.8,47.340015,-88.049091,POINT (-88.049091 47.340015)
2013,Ingham,23.1,42.646894,-84.354205,POINT (-84.354205 42.646894)
2016,Alpena,28.5,45.031721,-83.540541,POINT (-83.540541 45.031721)
2012,Lapeer,22.5,43.048243,-83.1649,POINT (-83.1649 43.048243)
2011,Luce,28.6,46.582751,-85.513329,POINT (-85.513329 46.582751)
2013,Antrim,19.7,44.973044,-85.176909,POINT (-85.176909 44.973044)
2011,Tuscola,24.6,43.530114,-83.50702,POINT (-83.50702 43.530114000000005)
2017,Grand Traverse,24,44.687984,-85.520024,POINT (-85.520024 44.687984)
2010,Lapeer,26.6,43.048243,-83.1649,POINT (-83.1649 43.048243)
2018,Otsego,23.7,45.099206,-84.64824,POINT (-84.64824 45.099206)
2011,Otsego,25.8,45.099206,-84.64824,POINT (-84.64824 45.099206)
2017,Antrim,24.5,44.973044,-85.176909,POINT (-85.176909 44.973044)
2010,Arenac,20.3,43.997335,-83.677393,POINT (-83.677393 43.997335)
2018,Leelanau,13.8,45.082123,-86.073363,POINT (-86.073363 45.082123)
2013,Cheboygan,23.5,45.547226,-84.563628,POINT (-84.56362800000001 45.547226)
2017,Oceana,23.2,43.643476,-86.289505,POINT (-86.289505 43.643476)
2014,Sanilac,26.7,43.406904,-82.734714,POINT (-82.734714 43.406904)
2014,Ottawa,17.6,42.953023,-86.093731,POINT (-86.093731 42.953023)
2017,Van Buren,27.5,42.245967,-86.012157,POINT (-86.012157 42.245967)
2013,Presque Isle,21.2,45.57293,-83.597821,POINT (-83.597821 45.57293)
2016,Delta,19.7,45.7406948,-86.9377261,POINT (-86.9377261 45.7406948)
2011,Kalkaska,18.1,44.667444,-85.023346,POINT (-85.023346 44.667444)
2010,Gladwin,27.2,44.032789,-84.354205,POINT (-84.354205 44.032789)
2016,Charlevoix,19,45.244217,-85.061904,POINT (-85.061904 45.244217)
2011,Newaygo,25.1,43.559358,-85.766664,POINT (-85.766664 43.559358)
2012,Kalkaska,20.6,44.667444,-85.023346,POINT (-85.023346 44.667444)
2017,Kent,24.1,43.009703,-85.520024,POINT (-85.520024 43.009703)
2016,Sanilac,27,43.406904,-82.734714,POINT (-82.734714 43.406904)
2011,Dickinson,19.4,45.960139,-87.86161,POINT (-87.86161 45.960139)
2017,Marquette,23.7,46.644579,-87.559382,POINT (-87.559382 46.644579)
2010,Newaygo,22.9,43.559358,-85.766664,POINT (-85.766664 43.559358)
2017,Wexford,24,44.387157,-85.520024,POINT (-85.520024 44.387157)
2017,Chippewa,22.6,46.311708,-84.593209,POINT (-84.593209 46.311708)
2010,Benzie,23.5,44.645845,-86.037126,POINT (-86.037126 44.645845)
2017,Midland,17.3,43.575098,-84.354205,POINT (-84.354205 43.575098)
2015,Livingston,20.1,42.620795,-83.847302,POINT (-83.84730200000001 42.620795)
2012,Washtenaw,17.3,42.307649,-83.847302,POINT (-83.84730200000001 42.307649)
2016,Eaton,17.8,42.58865,-84.773332,POINT (-84.773332 42.58865)
2015,Baraga,22.9,46.735276,-88.30104,POINT (-88.30104 46.735276)
2018,Van Buren,29.5,42.245967,-86.012157,POINT (-86.012157 42.245967)
2010,Huron,22,43.946679,-82.820974,POINT (-82.820974 43.946679)
2012,Branch,23.2,41.891384,-85.023346,POINT (-85.023346 41.891384)
2018,Kalamazoo,21.7,42.227835,-85.520024,POINT (-85.520024 42.227835)
2012,Shiawassee,21.6,42.949754,-84.185712,POINT (-84.185712 42.949754)
2015,Benzie,21.2,44.645845,-86.037126,POINT (-86.037126 44.645845)
2012,St. Clair,24.9,43.016179,-82.648344,POINT (-82.648344 43.016179)
2018,Ingham,27.2,42.646894,-84.354205,POINT (-84.354205 42.646894)
2018,Keweenaw,6.7,47.340015,-88.049091,POINT (-88.049091 47.340015)
2015,Iron,14.5,46.275815,-88.490278,POINT (-88.490278 46.275815)
2016,Ionia,23.4,42.989212,-85.023346,POINT (-85.023346 42.989212)
2016,Otsego,24.3,45.099206,-84.64824,POINT (-84.64824 45.099206)
2015,Alger,20.5,46.424618,-86.490452,POINT (-86.490452 46.424618)
2010,Montmorency,29.7,45.074279,-84.140314,POINT (-84.140314 45.074279)
2012,Jackson,22.1,42.176436,-84.354205,POINT (-84.354205 42.176436)
2016,St. Joseph,25.2,41.911804,-85.520024,POINT (-85.520024 41.911804)
2016,Montmorency,34.2,45.074279,-84.140314,POINT (-84.140314 45.074279)
2014,Osceola,24.5,43.925728,-85.354965,POINT (-85.354965 43.925728)
2013,Delta,15.2,45.7406948,-86.9377261,POINT (-86.9377261 45.7406948)
2010,Sanilac,26.5,43.406904,-82.734714,POINT (-82.734714 43.406904)
2018,Osceola,29.1,43.925728,-85.354965,POINT (-85.354965 43.925728)
2017,Hillsdale,16.4,41.868596,-84.522219,POINT (-84.522219 41.868596)
2015,Cass,22.7,41.929916,-86.012157,POINT (-86.012157 41.929916)
2013,Cass,20.4,41.929916,-86.012157,POINT (-86.012157 41.929916)
2017,Delta,16.8,45.7406948,-86.9377261,POINT (-86.9377261 45.7406948)
2015,Marquette,18.5,46.644579,-87.559382,POINT (-87.559382 46.644579)
2014,Iosco,23.2,44.334046,-83.638623,POINT (-83.638623 44.334046)
2014,Bay,20.9,43.710973,-84.016742,POINT (-84.016742 43.710973)
2010,Hillsdale,21.7,41.868596,-84.522219,POINT (-84.522219 41.868596)
2015,Oceana,17.9,43.643476,-86.289505,POINT (-86.289505 43.643476)
2012,Dickinson,15.1,45.960139,-87.86161,POINT (-87.86161 45.960139)
2012,Wexford,24,44.387157,-85.520024,POINT (-85.520024 44.387157)
2011,Ogemaw,23.6,44.327074,-84.185712,POINT (-84.185712 44.327074)
2013,Muskegon,25.4,43.294941,-86.126106,POINT (-86.126106 43.294941)
2012,Van Buren,22.6,42.245967,-86.012157,POINT (-86.012157 42.245967)
2017,Alger,22.2,46.424618,-86.490452,POINT (-86.490452 46.424618)
2014,Alger,14.5,46.424618,-86.490452,POINT (-86.490452 46.424618)
2014,Monroe,23.7,41.973889,-83.50702,POINT (-83.50702 41.973889)
2014,Menominee,11.1,45.499528,-87.574628,POINT (-87.574628 45.499528)
2016,Clare,27.8,44.056505,-84.856793,POINT (-84.856793 44.056505)
2012,Cass,22.2,41.929916,-86.012157,POINT (-86.012157 41.929916)
2018,Baraga,18.1,46.735276,-88.30104,POINT (-88.30104 46.735276)
2014,Montmorency,23.9,45.074279,-84.140314,POINT (-84.140314 45.074279)
2018,Livingston,18.1,42.620795,-83.847302,POINT (-83.84730200000001 42.620795)
2011,Sanilac,27.3,43.406904,-82.734714,POINT (-82.734714 43.406904)
2015,Van Buren,24.8,42.245967,-86.012157,POINT (-86.012157 42.245967)
2016,Midland,21.1,43.575098,-84.354205,POINT (-84.354205 43.575098)
2017,Macomb,26.8,42.716876,-82.820974,POINT (-82.820974 42.716876)
2012,Leelanau,15.7,45.082123,-86.073363,POINT (-86.073363 45.082123)
2013,Clinton,12.6,42.966346,-84.522219,POINT (-84.522219 42.966346)
2016,Kalkaska,19,44.667444,-85.023346,POINT (-85.023346 44.667444)
2016,Schoolcraft,26.6,46.069352,-86.190362,POINT (-86.190362 46.069352)
2018,Alcona,24.5,44.672794,-83.60224,POINT (-83.60224 44.672794)
2010,Clare,22.3,44.056505,-84.856793,POINT (-84.856793 44.056505)
2011,Leelanau,21.1,45.082123,-86.073363,POINT (-86.073363 45.082123)
2010,Oscoda,13.7,44.62789,-84.185712,POINT (-84.185712 44.62789)
2014,Kent,19.2,43.009703,-85.520024,POINT (-85.520024 43.009703)
2015,Grand Traverse,22.4,44.687984,-85.520024,POINT (-85.520024 44.687984)
2010,Ionia,25.3,42.989212,-85.023346,POINT (-85.023346 42.989212)
2014,Newaygo,20.3,43.559358,-85.766664,POINT (-85.766664 43.559358)
2014,Ogemaw,20,44.327074,-84.185712,POINT (-84.185712 44.327074)
2014,Kalkaska,19.5,44.667444,-85.023346,POINT (-85.023346 44.667444)
2010,Shiawassee,20.7,42.949754,-84.185712,POINT (-84.185712 42.949754)
2011,Bay,24.6,43.710973,-84.016742,POINT (-84.016742 43.710973)
2016,Berrien,33.7,41.952461,-86.520538,POINT (-86.520538 41.95246100000001)
2014,Midland,13.9,43.575098,-84.354205,POINT (-84.354205 43.575098)
2018,Saginaw,28.9,43.404425,-84.016742,POINT (-84.016742 43.404425)
2015,Gladwin,25,44.032789,-84.354205,POINT (-84.354205 44.032789)
2012,Oscoda,25,44.62789,-84.185712,POINT (-84.185712 44.62789)
2013,Van Buren,20.4,42.245967,-86.012157,POINT (-86.012157 42.245967)
2018,Presque Isle,19.5,45.57293,-83.597821,POINT (-83.597821 45.57293)
2018,St. Joseph,24.3,41.911804,-85.520024,POINT (-85.520024 41.911804)
2016,Allegan,26.1,42.593874,-85.908443,POINT (-85.908443 42.593874)
2018,Clare,32.4,44.056505,-84.856793,POINT (-84.856793 44.056505)
2014,Allegan,23.1,42.593874,-85.908443,POINT (-85.908443 42.593874)
2012,Iron,14.5,46.275815,-88.490278,POINT (-88.490278 46.275815)
2014,Delta,18.8,45.7406948,-86.9377261,POINT (-86.9377261 45.7406948)
2010,Kalkaska,17.6,44.667444,-85.023346,POINT (-85.023346 44.667444)
2018,Arenac,21.2,43.997335,-83.677393,POINT (-83.677393 43.997335)
2013,Berrien,23.9,41.952461,-86.520538,POINT (-86.520538 41.95246100000001)
2010,Gobebic,15.9,46.439279,-89.921474,POINT (-89.921474 46.439279)
2016,Oakland,25,42.592192,-83.336188,POINT (-83.336188 42.592192)
2010,Branch,23.9,41.891384,-85.023346,POINT (-85.023346 41.891384)
2011,Lenawee,20.3,41.843386,-84.016742,POINT (-84.016742 41.843386)
2010,Dickinson,17.7,45.960139,-87.86161,POINT (-87.86161 45.960139)
2013,Macomb,22.3,42.716876,-82.820974,POINT (-82.820974 42.716876)
2012,Oakland,20.6,42.592192,-83.336188,POINT (-83.336188 42.592192)
2012,Montcalm,22.6,43.305734,-85.189405,POINT (-85.189405 43.305734)
2016,Washtenaw,19.5,42.307649,-83.847302,POINT (-83.84730200000001 42.307649)
2011,Midland,14.6,43.575098,-84.354205,POINT (-84.354205 43.575098)
2012,Barry,25.1,42.535432,-85.354965,POINT (-85.354965 42.53543200000001)
2017,Ontonagon,3,46.872791,-89.313119,POINT (-89.313119 46.872791)
2014,Dickinson,16.8,45.960139,-87.86161,POINT (-87.86161 45.960139)
2010,Ogemaw,19.1,44.327074,-84.185712,POINT (-84.185712 44.327074)
2016,Clinton,16.9,42.966346,-84.522219,POINT (-84.522219 42.966346)
2014,Barry,17.8,42.535432,-85.354965,POINT (-85.354965 42.53543200000001)
2014,Presque Isle,23.1,45.57293,-83.597821,POINT (-83.597821 45.57293)
2016,Saginaw,31.1,43.404425,-84.016742,POINT (-84.016742 43.404425)
2010,Gratiot,33.3,43.283651,-84.68975,POINT (-84.68975 43.283651)
2016,Menominee,13,45.499528,-87.574628,POINT (-87.574628 45.499528)
2016,Ontonagon,19.2,46.872791,-89.313119,POINT (-89.313119 46.872791)
2018,Roscommon,30,44.351611,-84.68975,POINT (-84.68975 44.351611)
2017,Emmet,21.3,45.641897,-84.976907,POINT (-84.976907 45.641897)
2018,Delta,17.4,45.7406948,-86.9377261,POINT (-86.9377261 45.7406948)
2014,St. Joseph,25.9,41.911804,-85.520024,POINT (-85.520024 41.911804)
2018,St. Clair,27.6,43.016179,-82.648344,POINT (-82.648344 43.016179)
2011,Barry,21.3,42.535432,-85.354965,POINT (-85.354965 42.53543200000001)
2011,Schoolcraft,23.8,46.069352,-86.190362,POINT (-86.190362 46.069352)
2012,Livingston,18.7,42.620795,-83.847302,POINT (-83.84730200000001 42.620795)
2010,St. Clair,17.7,43.016179,-82.648344,POINT (-82.648344 43.016179)
2014,Clinton,12.3,42.966346,-84.522219,POINT (-84.522219 42.966346)
2010,Montcalm,22.5,43.305734,-85.189405,POINT (-85.189405 43.305734)
2015,Menominee,11.1,45.499528,-87.574628,POINT (-87.574628 45.499528)
2017,Branch,25.8,41.891384,-85.023346,POINT (-85.023346 41.891384)
2014,Oscoda,15.4,44.62789,-84.185712,POINT (-84.185712 44.62789)
2012,Alcona,23.6,44.672794,-83.60224,POINT (-83.60224 44.672794)
2015,Wexford,22.1,44.387157,-85.520024,POINT (-85.520024 44.387157)
2013,Menominee,8.7,45.499528,-87.574628,POINT (-87.574628 45.499528)
2014,Isabella,22.6,43.598799,-84.856793,POINT (-84.856793 43.598799)
2014,Wexford,23.3,44.387157,-85.520024,POINT (-85.520024 44.387157)
2013,Marquette,11.9,46.644579,-87.559382,POINT (-87.559382 46.644579)
2013,Wayne,29.4,42.279075,-83.336188,POINT (-83.336188 42.279075)
2012,Newaygo,22.7,43.559358,-85.766664,POINT (-85.766664 43.559358)
2011,Kalamazoo,23.3,42.227835,-85.520024,POINT (-85.520024 42.227835)
2010,Missaukee,17.1,44.366621,-85.023346,POINT (-85.023346 44.366621)
2016,Monroe,14.4,41.973889,-83.50702,POINT (-83.50702 41.973889)
2013,Oceana,24.6,43.643476,-86.289505,POINT (-86.289505 43.643476)
2014,Muskegon,21.5,43.294941,-86.126106,POINT (-86.126106 43.294941)
2013,Roscommon,25.8,44.351611,-84.68975,POINT (-84.68975 44.351611)
2010,Lake,29,43.9447,-85.848624,POINT (-85.848624 43.9447)
2013,Dickinson,13.6,45.960139,-87.86161,POINT (-87.86161 45.960139)
2016,Gratiot,23.5,43.283651,-84.68975,POINT (-84.68975 43.283651)
2013,Iosco,21.2,44.334046,-83.638623,POINT (-83.638623 44.334046)
2017,Cass,23.5,41.929916,-86.012157,POINT (-86.012157 41.929916)
2017,Oscoda,20,44.62789,-84.185712,POINT (-84.185712 44.62789)
2011,Iron,21.3,46.275815,-88.490278,POINT (-88.490278 46.275815)
2014,Crawford,18.2,44.652432,-84.68975,POINT (-84.68975 44.652432)
2014,Gladwin,21.8,44.032789,-84.354205,POINT (-84.354205 44.032789)
2013,Oscoda,19.8,44.62789,-84.185712,POINT (-84.185712 44.62789)
2014,Genesee,30.3,43.077729,-83.677393,POINT (-83.677393 43.077729)
2013,Washtenaw,18.7,42.307649,-83.847302,POINT (-83.84730200000001 42.307649)
2016,Ingham,28.1,42.646894,-84.354205,POINT (-84.354205 42.646894)
2010,Iron,13.5,46.275815,-88.490278,POINT (-88.490278 46.275815)
2010,Lenawee,20.5,41.843386,-84.016742,POINT (-84.016742 41.843386)
2013,Saginaw,25,43.404425,-84.016742,POINT (-84.016742 43.404425)
2012,Monroe,24.4,41.973889,-83.50702,POINT (-83.50702 41.973889)
2012,Berrien,24.1,41.952461,-86.520538,POINT (-86.520538 41.95246100000001)
2016,Baraga,18.3,46.735276,-88.30104,POINT (-88.30104 46.735276)
2012,Tuscola,21.9,43.530114,-83.50702,POINT (-83.50702 43.530114000000005)
2010,Crawford,25.7,44.652432,-84.68975,POINT (-84.68975 44.652432)
2010,Chippewa,23.1,46.311708,-84.593209,POINT (-84.593209 46.311708)
2011,Benzie,17.6,44.645845,-86.037126,POINT (-86.037126 44.645845)
2017,Shiawassee,17.7,42.949754,-84.185712,POINT (-84.185712 42.949754)
2010,Wexford,20.4,44.387157,-85.520024,POINT (-85.520024 44.387157)
2014,Benzie,18.8,44.645845,-86.037126,POINT (-86.037126 44.645845)
2018,Branch,25.6,41.891384,-85.023346,POINT (-85.023346 41.891384)
2014,Hillsdale,18.9,41.868596,-84.522219,POINT (-84.522219 41.868596)
2017,Alcona,31.6,44.672794,-83.60224,POINT (-83.60224 44.672794)
2018,Chippewa,17.5,46.311708,-84.593209,POINT (-84.593209 46.311708)
2017,Lenawee,16.1,41.843386,-84.016742,POINT (-84.016742 41.843386)
2016,Van Buren,27.7,42.245967,-86.012157,POINT (-86.012157 42.245967)
2010,Cheboygan,20.7,45.547226,-84.563628,POINT (-84.56362800000001 45.547226)
2015,Tuscola,22.4,43.530114,-83.50702,POINT (-83.50702 43.530114000000005)
2010,Livingston,20.9,42.620795,-83.847302,POINT (-83.84730200000001 42.620795)
